product_id,product_name,product_mfg
0,"Samsung Galaxy S9, 64GB, Lilac Purple - Fully Unlocked (Renewed)",Samsung
1,Samsung Galaxy A71 SM-A715F/DS 4G LTE 128GB + 6GB Ram Octa Core (LTE USA Latin Caribbean Euro) w/Four Cameras (64+12+5+5mp) Android (Black),Samsung
2,"Apple iPhone 8 Plus, GSM Unlocked, 64GB - Space Gray (Refurbished)",Apple
3,"Motorola Moto G7 (64GB, 4GB RAM) Dual SIM 6.2"" 4G LTE (GSM Only) Factory Unlocked Smartphone International Model XT1962-6 International Version No Warranty",Motorola
4,OnePlus 8 Pro Ultramarine Blue 12GB+256GB with Alexa Built-in,OnePlus
5,"Apple iPhone 6S, 64GB, Space Gray - Fully Unlocked (Renewed)",Apple
6,"Samsung Galaxy A30S w/On-Screen Fingerprint (64GB, 4GB) 6.4"", Triple Camera, Dual SIM GSM Unlocked A307G/DS - US + Global 4G LTE International Model (64GB + 64GB SD + Case Bundle) (Black)",Samsung
7,"Apple iPhone 11, 128GB, Black - Fully Unlocked (Renewed)",Apple
8,Samsung Galaxy S9 G960U 64GB Unlocked GSM 4G LTE Phone w/ 12MP Camera - Midnight Black,Samsung
9,"Samsung Galaxy Note 10+, 256GB, Aura Glow - For AT&T / T-Mobile (Renewed)",Samsung
10,"Samsung Galaxy S10e, 128GB, Prism Black - For AT&T / T-Mobile (Renewed)",Samsung
11,"Samsung Galaxy S9+, 64GB, Lilac Purple - For AT&T / T-Mobile (Renewed)",Samsung
12,"Apple iPhone XS, 256GB , Space Gray - Fully Unlocked (Renewed)",Apple
13,"Apple iPhone 7 32GB, Rose Gold (Renewed)",Apple
14,"Xiaomi Redmi Note 8 6.3"" 64GB 4GB RAM (GSM Only, No CDMA) Internationa Version - No Warranty (Space Black)",Xiaomi
15,"Apple iPhone 7, 128GB, Rose Gold - Fully Unlocked (Renewed)",Apple
16,"Samsung Galaxy A10 32GB A105M 6.2"" HD+ Infinity-V 4G LTE Factory Unlocked GSM Smartphone - Black",Samsung
17,"Samsung Galaxy Note 9, 128GB, Ocean Blue - For AT&T / T-Mobile (Renewed)",Samsung
18,Samsung Galaxy Note 9 N960U 128GB T-Mobile Unlocked Phone - Ocean Blue (Renewed),Samsung
19,Motorola Moto G8 Play | 2/32GB | Unlocked International - GSM only | No CDMA | No US Warranty |Obsidian Grey,Motorola
20,LG Stylo 5 with Alexa Push-to-Talk – Unlocked – 32 GB – Black (US Warranty),LG
21,"Samsung Galaxy Note 8, 64GB, Midnight Black - Fully Unlocked (Renewed)",Samsung
22,"Apple iPhone 7, 32GB, Silver - Fully Unlocked (Renewed)",Apple
23,Samsung Galaxy A30S A307G 64GB Unlocked GSM Dual SIM Phone w/Triple (25MP+8MP+5MP) Camera - Prism Crush Black,Samsung
24,"Samsung Galaxy S10+, 128GB, Prism Black - Fully Unlocked (Renewed)",Samsung
25,"Apple iPhone 7 Plus, 32GB, Black - Fully Unlocked (Renewed)",Apple
26,Apple iPhone 8 a1905 64GB LTE GSM Unlocked (Renewed),Apple
27,"Apple iPhone 7, 128GB, Rose Gold - For AT&T / T-Mobile (Renewed)",Apple
28,Samsung Galaxy S10 Factory Unlocked Android Cell Phone | US Version | 128GB of Storage | Fingerprint ID and Facial Recognition | Long-Lasting Battery | U.S. Warranty | Prism Black,Samsung
29,"Samsung Galaxy Note 10, 256GB, Aura Black - Fully Unlocked (Renewed)",Samsung
30,Samsung Galaxy A10S A107M 32GB Unlocked GSM DUOS Phone w/ Dual 13MP & 2MP Camera (International Variant/US Compatible LTE) – Black,Samsung
31,"Google Pixel 2 64 GB, Black Factory Unlocked (Renewed)",Google
32,"LG G8 ThinQ with Alexa Hands-Free – Unlocked SMARTPHONE – 128 GB – Aurora Black (US Warranty) – Verizon, AT&T, T–Mobile, Sprint, Boost, Cricket, & Metro",LG
33,"Samsung Galaxy A50 Verizon, 64GB Black (Renewed)",Samsung
34,Samsung Galaxy A10e 32GB A102U GSM Unlocked Phone - Black (Renewed),Samsung
35,Samsung Galaxy S8 64GB Phone - 5.8in Unlocked Smartphone - Midnight Black (Renewed),Samsung
36,"Xiaomi Redmi Note 8 Pro 128GB, 6GB RAM 6.53"" LTE GSM 64MP Smartphone - Global Model (Mineral Grey)",Xiaomi
37,"LG Phoenix 4 AT&T Prepaid Smartphone with 16GB, 4G LTE, Android 7.1 OS, 8MP + 5MP Cameras - Black",LG
38,"Google Pixel 2 64 GB Unlocked Smartphone for All GSM Carriers Worldwide, Just Black (Renewed)",Google
39,"Apple iPhone 11 Pro Max, 256GB, Midnight Green, Fully Unlocked (Renewed)",Apple
40,Samsung Galaxy S8 Plus Unlocked 64GB (Midnight Black) - (Renewed),Samsung
41,"Samsung Galaxy S8 G950U 64GB - Verizon + GSM Unlocked Android Smartphone, Midnight Black (Renewed)",Samsung
42,Samsung Galaxy Note 8 N950U 64GB Unlocked GSM 4G LTE Android Smartphone w/Dual 12 MegaPixel Camera (Renewed) (Orchid Grey),Samsung
43,"Apple iPhone X, 64GB, Space Gray - Fully Unlocked (Renewed)",Apple
44,"BLU G9 Pro -6.3” Full HD Smartphone with Triple Main Camera, 128GB+4GB RAM -Nightfall",BLU
45,"Apple iPhone 7 Plus, 128GB, Black - For AT&T / T-Mobile (Renewed)",Apple
46,"Samsung Galaxy A20s (32GB 2GB RAM) 6.5"" HD+ Triple Camera SM-A207F/DS 4G LTE (AT&T Europe Asia Africa Cuba Digitel) Dual SIM GSM Factory Unlocked - International Version - No Warranty (Black)",Samsung
47,"Apple iPhone 8 Plus, 64GB, Gold - For AT&T / T-Mobile (Renewed)",Apple
48,OnePlus 6T A6013 128GB Mirror Black - US Version T-Mobile GSM Unlocked Phone (Renewed),OnePlus
49,"Samsung Galaxy Note 9, 128GB, Midnight Black - Fully Unlocked (Renewed)",Samsung
50,Samsung Galaxy S8 G950U 64GB Unlocked GSM U.S. Version Phone - w/ 12MP Camera - Orchid Gray (Renewed),Samsung
51,"Apple iPhone 6S 16GB, Space Gray Smartphone - GSM Unlocked (Refurbished)",Apple
52,"Apple iPhone 6S, 16GB, Rose Gold - For AT&T / T-Mobile (Renewed)",Apple
53,Google - Pixel 3 with 64GB Memory Cell Phone (Unlocked) - Not Pink,Google
54,OnePlus 6T A6013 128GB Storage + 8GB Memory T-Mobile and GSM + Verizon Unlocked 6.41 inch AMOLED Display Android 9 - Mirror Black US Version,OnePlus
55,"Google Pixel 2 XL 64 GB, Black (Renewed)",Google
56,Apple Watch Series 5 GPS + Cellular - 40mm Gold Aluminum Case with Pink Sand Sport Band (Renewed),Apple
57,"Apple iPhone 7, 32GB, Black - For AT&T (Renewed)",Apple
58,"Samsung Galaxy A70 128GB/6GB SM-A705MN/DS 6.7"" HD+ Infinity-U 4G/LTE Factory Unlocked Smartphone (International Version, No Warranty) (Black)",Samsung
59,"Samsung Galaxy S8, 64GB, Midnight Black - For AT&T / T-Mobile (Renewed)",Samsung
60,Moto G Power | Unlocked | Made for US by Motorola | 4/64GB | 16MP Camera | 2020 | Black,Moto
61,"Apple iPhone 6S, 16GB, Space Gray - For AT&T / T-Mobile (Renewed)",Apple
62,Samsung Galaxy S20 5G Factory Unlocked 128GB | New Android Cell Phone Bundle | US Version | Cosmic Gray | Includes Samsung Galaxy Buds & Samsung Duo Wireless Charging Station,Samsung
63,motorola G7 Power - Unlocked - 64 GB - Marine Blue (No Warranty) - International Model (GSM Only) (PAEC0003SV),motorola
64,"Apple iPhone XS, 64GB, Space Gray - For AT&T / T-Mobile (Renewed)",Apple
65,Google - Pixel 3a Unlocked Android G020g with 64GB Memory Cell Phone Unlimited Cloud Storage W/ 69.99 Hesvap 7 in 1 Accessories Bundle (Black),Google
66,"Motorola One Action with Alexa Push-to-Talk - Unlocked Smartphone - Global Version - 128GB - Denim (US Warranty) - Verizon, AT&T, T-Mobile, Sprint, Boost, Cricket, & Metro",Motorola
67,"Apple iPhone 8, 64GB, Silver - Fully Unlocked (Renewed)",Apple
68,"BLU Studio Mini -5.5HD Smartphone, 32GB+2GB Ram -International Unlocked -Black",BLU
69,Alcatel QUICKFLIP 4044C | 4G LTE | HD Voice FlipPhone | - GSM Unlocked,Alcatel
70,Samsung Galaxy S10e Verizon + GSM Unlocked 128GB Prism Black (Renewed),Samsung
71,"Apple iPhone SE, 16GB, Space Gray - For AT&T / T-Mobile (Renewed)",Apple
72,Samsung Galaxy J2 Core 2018 Factory Unlocked 4G LTE (USA Latin Caribbean) Android Oreo SM-J260M Dual Sim 8MP 8GB (Gold),Samsung
73,Google Pixel 3 64GB - Just Black (Renewed),Google
74,"Samsung Galaxy A20 32GB A205G/DS 6.4"" HD+ 4,000mAh Battery LTE Factory Unlocked GSM Smartphone (International Version, No Warranty) (Deep Blue)",Samsung
75,"Google Pixel 2 XL 64 GB, White (Renewed)",Google
76,Samsung Galaxy S9 Plus Verizon + GSM Unlocked 64GB Lilac Purple (Renewed),Samsung
77,"Apple iPhone XS Max, 256GB, Silver - Fully Unlocked (Renewed)",Apple
78,Samsung Galaxy S9 - GSM Unlocked - 64GB (Lilac Purple) (Renewed),Samsung
79,Xiaomi Redmi Note 8 128GB 4GB RAM 48MP Factory Unlocked Global Version Dual SIM Smartphone (Neptune Blue),Xiaomi
80,Xiaomi Redmi Note 8 128GB 4GB RAM 48MP Factory Unlocked Global Version Dual SIM Smartphone (Space Black),Xiaomi
81,"Apple iPhone 7 a1778, GSM Unlocked, 32GB (Renewed)",Apple
82,Alcatel Cingular Flip 2 4G LTE FlipPhone Bluetooth WIFI MP3 Camera Good for Elderly - GSM Unlocked (Renewed),Alcatel
83,LG V35 ThinQ V35 64GB Unlocked GSM Phone w/ Dual 16MP Camera - Aurora Black,LG
84,"Apple iPhone X, GSM Unlocked, 256GB - Silver (Renewed)",Apple
85,"Samsung Galaxy J3 Prime J327A | (16GB, 1.5 RAM) | 5"" Full HD Display | Dual Camera | 2,600 mAh Battery | Android 7.0 Nougat | 4G LTE | GSM Unlocked Smartphone - (Black)",Samsung
86,"Samsung Galaxy Note 8, 64GB, Midnight Black - For AT&T / T-Mobile (Renewed)",Samsung
87,"LG Electronics K30 Factory Unlocked Phone, 16GB - 5.3' - Black (Renewed)",LG
88,"Snapfon ezTWO Senior Unlocked GSM Cell Phone, SOS Button, Hearing Aid Compatible",Snapfon
89,"Apple iPhone 11 Pro, 64GB, Midnight Green - Fully Unlocked (Renewed)",Apple
90,"Xiaomi Mi 9T (128GB, 6GB RAM) 6.39"" AMOLED FHD + Full Screen Display, 48MP Triple Camera, Global 4G LTE Dual SIM GSM Factory Unlocked (Carbon Black)",Xiaomi
91,"Xiaomi Redmi Note 9S 6.67"" 48MP International Global Version (Interstellar Grey, 6GB/128GB)",Xiaomi
92,Xiaomi Mi Note 10 128GB 108MP Penta Camera 6.47″ LTE Factory Unlocked Smartphone (International Version) (Midnight Black),Xiaomi
93,BLU Z5 -GSM Unlocked Dual Sim -Black,BLU
94,"Samsung Galaxy S7, Black 32GB (Verizon Wireless)",Samsung
95,"Apple iPhone 6S, 32GB, Rose Gold - For AT&T / T-Mobile (Renewed)",Apple
96,"Samsung Galaxy Note 10+ Plus Factory Unlocked Cell Phone with 512GB (U.S. Warranty), Aura Black/ Note10+",Samsung
97,Samsung Galaxy Prime 16GB J327 J3 AT&T T-Mobile Unlocked Smartphone - Silver (Renewed),Samsung
98,"Xiaomi Redmi 8A (32GB, 2GB RAM) 6.22"" HD Display, Snapdragon 439, 5000mAh Battery, Dual SIM GSM Unlocked - US & Global 4G LTE International Version (Midnight Black, 32 GB)",Xiaomi
99,"Samsung Galaxy A70 128GB/6GB SM-A705M/DS 6.7"" HD+ Infinity-U 4G/LTE Factory Unlocked Smartphone (International Version , No Warranty) (Blue)",Samsung
100,Samsung Galaxy A50 A505F 128GB Dual SIM Unlocked GSM Phone w/ Triple (25MP+8MP+5MP) Camera - Black,Samsung
101,"Samsung Galaxy A20 SM-A205FDS 32GB, Dual Sim, 6.4"" Infinity-V Display, Dual Rear Camera, 3GB RAM, GSM Unlocked International Model, No Warranty (Black)",Samsung
102,LG K40 X420 32GB Unlocked GSM Phone w/ 16MP Camera - Aurora Black,LG
103,Samsung Galaxy A10S A107M 32GB Unlocked GSM DUOS Phone w/Dual 13MP & 2MP Camera (International Variant/US Compatible LTE) – Black,Samsung
104,"LG K30-2019 Factory Unlocked Phone - 5.4"" Screen - Black (U.S. Warranty)",LG
105,"Samsung Galaxy S7 SM-G930A AT&T Unlocked Smartphone, (Black Onyx)",Samsung
106,"Moto G Stylus (2020) - Unlocked Smartphone - US Warranty - 128GB - Mystic Indigo (US Warranty) - Verizon, AT&T, T-Mobile, Sprint, Boost, Cricket, Metro",Moto
107,Moto G6 with Alexa Hands-Free – 32 GB – Unlocked (AT&T/Sprint/T-Mobile/Verizon) – Black - Prime Exclusive Phone,Moto
108,"Apple iPhone 6S, 64GB, Space Gray - For AT&T / T-Mobile (Renewed)",Apple
109,Samsung Galaxy S9 G960U Verizon + GSM Unlocked 64GB (Midnight Black) (Renewed),Samsung
110,"Apple iPhone 7, 128GB, Red - For AT&T / T-Mobile (Renewed)",Apple
111,LG V30 64GB H932 T-Mobile 4G LTE Android Smartphone Silver (Renewed),LG
112,"Apple iPhone 6S, 32GB, Space Gray - For AT&T / T-Mobile (Renewed)",Apple
113,"Motorola One Vision (128GB) 6.3' Full HD Display, 48MP Camera, Dual SIM US + GLOBAL 4G LTE GSM Factory Unlocked XT1970-1 - International Version (Blue)",Motorola
114,"LG B470 AT&T Prepaid Basic 3g Flip Phone, Black - Carrier Locked to AT&T",LG
115,Samsung Galaxy S9+ G965U 64GB Unlocked GSM 4G LTE Phone w/Dual 12MP Camera - Midnight Black (Renewed),Samsung
116,"Xiaomi Mi 9T (128GB, 6GB RAM) 6.39"" AMOLED FHD + Full Screen Display, 48MP Triple Camera, Global 4G LTE Dual SIM GSM Factory Unlocked (Glacier Blue)",Xiaomi
117,Motorola Moto G7 Supra 32GB - Cricket Wireless - 4G/LTE Smartphone,Motorola
118,"Apple iPhone SE, 32GB, Silver - For AT&T / T-Mobile (Renewed)",Apple
119,LG Electronics G7 ThinQ Factory Unlocked Phone - 6.1in Screen - 64GB - Platinum Grey (U.S. Warranty) (Renewed),LG
120,Alcatel GO FLIP V 4051S Verizon 4G LTE,Alcatel
121,"Motorola Moto G6 (32GB, 3GB RAM) Dual SIM 5.7"" 4G LTE (GSM Only) Factory Unlocked Smartphone International Model XT1925-2 (Deep Indigo)",Motorola
122,Motorola Moto G8 Power | 4/64GB | Unlocked International - GSM only | No CDMA | No US Warranty | Blue,Motorola
123,"Samsung Galaxy S8+, 64GB, Arctic Silver - Fully Unlocked (Renewed)",Samsung
124,"Apple iPhone 7 128GB GSM Unlocked (no CDMA) Smartphone, Black (Renewed)",Apple
125,Google Pixel 4 XL - Just Black - 64GB - Unlocked (Renewed),Google
126,"LG V40 ThinQ 64GB GSM Unlocked (AT&T/T-Mobile) 5-Camera Smartphone w/ 6.4"" QHD+ Display - Aurora Black (Renewed)",LG
127,"Xiaomi Mi 9 Lite 64GB + 6GB RAM, 6.39” AMOLED FHD+ LTE 48MP AI Triple Camera Factory Unlocked Smartphone - Global Version (Aurora Blue)",Xiaomi
128,"Samsung Galaxy A20 32GB A205G/DS 6.4"" HD+ 4,000mAh Battery LTE Factory Unlocked GSM Smartphone (International Version, No Warranty) (Black)",Samsung
129,"BLU G9-6.3"" HD Infinity Display Smartphone, 64GB+4GB RAM -Black",BLU
130,Samsung Galaxy S9 G960U 64GB Unlocked [Midnight Black],Samsung
131,BLU Tank II T193 Unlocked GSM Dual-SIM Cell Phone w/ Camera and 1900 mAh Big Battery - Unlocked Cell Phones - Retail Packaging - Black Red,BLU
132,"OnePlus 7T HD1900 256GB, 8GB, Dual Sim, 6.55 inch, 48MP Main Lens, Triple Lens Camera, GSM Unlocked International Model, No Warranty (Glacier Blue 256GB+8GB)",OnePlus
133,Samsung SM-G950 Galaxy S8 Unlocked 64GB - US Version (Midnight Black) - US Warranty,Samsung
134,"Apple iPhone 6S Plus, 32GB, Space Gray - for AT&T/T-Mobile (Renewed)",Apple
135,LG G8 ThinQ - 128GB - Verizon (Renewed) (Aurora Black),LG
136,"LG Stylo 4 32GB GSM Unlocked (AT&T/T-Mobile) 6.2"" FullVision Display Smartphone – Aurora Black",LG
137,"Apple iPhone 7, 128GB, Gold - For AT&T / T-Mobile (Renewed)",Apple
138,"Apple iPhone 8 Plus, 256GB, Gold - For AT&T / T-Mobile (Renewed)",Apple
139,"Motorola One Hyper 128GB + 4GB RAM, XT202-1, 6.5” FHD+, 64 MP Photos, LTE Factory Unlocked Smartphone - International Version (Blue Iceberg)",Motorola
140,Google Pixel 3 XL 64GB Unlocked GSM & CDMA 4G LTE Android Phone w/ 12.2MP Rear & Dual 8MP Front Camera - Just Black (Renewed),Google
141,"Samsung Galaxy S8 Active, 64GB, Meteor Gray - For AT&T / T-Mobile (Renewed)",Samsung
142,"Google - Pixel 3 XL Factory Unlock (Verizon) (Not Pink, 64GB) (Renewed)",Google
143,"Motorola Moto E6 Plus (32GB, 2GB RAM) 6.1"" Max Vision Screen, 3000mAh Removable Battery, Hotspot, FM Radio, US + Global 4G LTE Dual SIM GSM Factory Unlocked XT2025-1 - International Model (Cherry)",Motorola
144,"Xiaomi Redmi Note 8, 32GB/3GB RAM 6.3"" FHD+ Display Snapdragon 665, Dual SIM Factory Unlocked Global Version (Space Black)",Xiaomi
145,"LG G8X Thinq Dual Screen Unlocked Smartphone – 128 GB – Aurora Black (US Warranty) – Verizon, AT&T, T–Mobile, Sprint, Boost, Cricket, Metro (Universal Compatibility)",LG
146,"BLU VIVO XI+ - 6.2"" Full HD+ Smartphone GSM Unlocked and Verizon Compatible, 128GB+6GB RAM, AI Dual Cameras -Silver",BLU
147,"LG G7 ThinQ | 64GB, 4GB RAM | 6.1"" QHD+ FullVision display | Snapdragon 845 | Android 9.0 Pie | Dual 16MP Rear Camera | PLATINUM GREY | T-Mobile Unlocked",LG
148,"Xiaomi Mi 9 Lite 128GB + 6GB RAM, 6.39” AMOLED FHD+ LTE 48MP AI Triple Camera Factory Unlocked Smartphone - Global Version (Pearl White)",Xiaomi
149,"Samsung Galaxy S8, 64GB, Midnight Black - Fully Unlocked (Renewed Premium)",Samsung
150,Samsung Galaxy A10e GSM Unlocked (not CDMA) 32GB Smartphone - Black (Renewed),Samsung
151,"Xiaomi Mi 9T (64GB, 6GB RAM) 6.39"" AMOLED FHD + Full Screen Display, 48MP Triple Camera, Global 4G LTE Dual SIM GSM Factory Unlocked - International Version, No Warranty (Carbon Black)",Xiaomi
152,"Samsung Galaxy Note 10+ N975F/DS 256GB, 6.8' Dynamic AMOLED Screen, 12GB RAM, Quad Camera, 4K UHD Factory Unlocked LTE Smartphone - (International Version) (Aura Glow)",Samsung
153,Samsung Galaxy S5 - G900-16GB - GSM Unlocked - Android Smartphone (Black) (Renewed),Samsung
154,"Xiaomi Redmi Note 8, 32GB/3GB RAM 6.3"" FHD+ Display Snapdragon 665, Dual SIM Factory Unlocked Global Version (Neptune Blue)",Xiaomi
155,LG Stylo 4+ 32GB AT&T Unlocked Phone w/ 16MP Camera - Black (Renewed),LG
156,Samsung Galaxy S8 - Verizon + GSM Unlocked -64GB - Midnight Black (Renewed),Samsung
157,BLU Tank Xtreme - Rugged 5.5” GSM Unlocked Smartphone -Black,BLU
158,"LG Stylus 2 K520DY 16GB Brown, 5.7-Inch, 13MP, Dual Sim, GSM Unlocked International Model, No Warranty",LG
159,"Samsung SM-J737UZKAXAA Galaxy J7 Factory Unlocked Smartphone, 32GB, 5.5"" Screen, Black",Samsung
160,BLU Studio X8 HD -GSM Unlocked Smartphone -Black,BLU
161,Xiaomi Redmi 8 64GB Dual-SIM GSM Unlocked Phone - Sapphire Blue,Xiaomi
162,Motorola Moto Z3 MOTXT192917 Verizon Locked Edition 5G Capable - Ceramic Black (Renewed),Motorola
163,Samsung Galaxy A10s SM-A107F/DS Dual-SIM 2GB RAM 32GB ROM Unlocked - Black,Samsung
164,"LG G8 ThinQ 128GB Smartphone GSM+CDMA Factory Unlocked All Carriers (ATT, Verizon, Sprint and Tmobile) - Black (US Warranty)",LG
165,Samsung Galaxy S8 64GB G950U T-Mobile GSM Unlocked - Orchid Gray (Renewed),Samsung
166,"Xiaomi Mi 9 Lite (128GB, 6GB RAM) 6.39"" Display, Dual SIM GSM Factory Unlocked - US & Global 4G LTE International Version (Aurora Blue, 128 GB)",Xiaomi
167,Samsung Galaxy S8+ 64GB GSM Unlocked Phone - International Version (Midnight Black),Samsung
168,"Motorola Moto G7+ Plus (64GB, 4GB RAM) Dual SIM 6.2"" 4G LTE (GSM Only) Factory Unlocked Smartphone International Model, No Warranty XT1965-2 (Deep Indigo)",Motorola
169,"Samsung Galaxy J7 2018 (16GB) J737A - 5.5in HD Display, Android 8.0, Octa-core 4G LTE at&T Unlocked Smartphone (Black) (Renewed)",Samsung
170,Samsung Galaxy S9+ G965U GSM Unlocked Smartphone - Lilac Purple (Renewed),Samsung
171,"Samsung Galaxy S10 128GB+8GB RAM SM-G973F/DS Dual Sim 6.1"" LTE Factory Unlocked Smartphone (International Model) (Prism Black)",Samsung
172,"Apple iPhone 8 256GB GSM Unlocked Phone, Gold (Renewed)",Apple
173,"Apple iPhone X, 256GB, Space Gray - For AT&T (Renewed)",Apple
174,"Apple iPhone 8 64GB GSM Unlocked Smartphone, RED (Renewed)",Apple
175,"Samsung Galaxy A20e Dual-SIM SM-A202F/DS 32GB (GSM Only, No CDMA) Factory Unlocked 4G/LTE Smartphone - International Version (Blue)",Samsung
176,LG G6 H872 32GB 4G LTE T-Mobile GSM Unlocked Android Smartphone (Renewed),LG
177,LG G7 ThinQ G710T 64GB Android Smartphone T-Mobile - Raspberry Rose,LG
178,"Xiaomi Redmi 7A (32GB, 2GB RAM) 5.45"" Display, Face ID, Dual SIM GSM Factory Unlocked (US + Global 4G LTE International Model) (Black)",Xiaomi
179,"Apple iPhone 7 Plus, 128GB, Rose Gold - For AT&T / T-Mobile (Renewed)",Apple
180,LG K8 Phoenix 2 K371 AT&T GSM Unlocked 4G LTE 16GB Smartphone - Black,LG
181,Google Pixel 3a Smartphone (G020E) GSM Unlocked + Verizon - 64GB / Just Black (Renewed),Google
182,Apple iPhone 7 256GB Unlocked GSM Quad-Core Phone - Black (Renewed),Apple
183,"Samsung Galaxy S7 Edge, 5.5"" 32GB (Verizon Wireless) - Black",Samsung
184,"Samsung Galaxy S10e 128GB+6GB RAM SM-G970 Dual Sim 5.8"" LTE Factory Unlocked Smartphone (International Model) (Prism Black)",Samsung
185,Apple iPhone 8 256GB Unlocked GSM Phone - Silver (Renewed),Apple
186,Motorola Moto G8 Play | 2/32GB | Unlocked International - GSM only | No CDMA | No US Warranty | Raspberry,Motorola
187,"Samsung Galaxy A50 (A505) 128GB, Dual-SIM, 6.4"" Infinity-U Display, Triple Camera, GSM Unlocked Smartphone - International Model (White)",Samsung
188,Samsung Galaxy S7 32GB Unlocked (Verizon Wireless) - Gold,Samsung
189,Samsung Galaxy S7 32GB Gold - Locked to Verizon Wireless (Renewed),Samsung
190,OnePlus 7 Pro - 256GB Dual-Sim GSM Unlocked Android SmartPhone - Mirror Grey,OnePlus
191,Samsung Galaxy S9 SM-G960U 64GB Verizon + GSM Unlocked Android Smartphone (Renewed),Samsung
192,LG Stylo 4 - 32GB - Prepaid Cell Phone - Carrier Locked - (Boost Mobile),LG
193,"Moto G7 – Unlocked – 64 GB – Ceramic Black (US Warranty) - Verizon, AT&T, T-Mobile, Sprint, Boost, Cricket, Metro",Moto
194,"Samsung Galaxy S10+ Plus, Verizon 128GB, Prism Black (Renewed)",Samsung
195,"Samsung Galaxy GS7 Edge, Silver 32GB (Verizon Wireless) (Renewed)",Samsung
196,Samsung Galaxy Note 10 Lite N770F 128GB Dual-SIM GSM Unlocked Phone (International Variant/US Compatible LTE) - Aura Glow,Samsung
197,"Samsung Galaxy Note 8, 64GB, Orchid Gray - For AT&T / T-Mobile (Renewed)",Samsung
198,"LG K50 (32GB, 3GB) 6.26"" HD+ Display, MIL-STD 810G Certified, US + Global 4G LTE GSM Factory Unlocked LM-X520HM - International Model (Blue, 32 GB)",LG
199,LG V40 ThinQ 64GB Aurora Black LMV405UA 6.4 QHD+ OLED Display - AT&T & GSM Unlocked,LG
200,"Apple iPhone X, 256GB, Space Gray - Fully Unlocked (Renewed)",Apple
201,Samsung Galaxy S9+ Plus Verizon/GSM Unlocked 64GB (Midnight Black)(Renewed),Samsung
202,"Samsung Galaxy A50 SM-A505G 64GB 4GB RAM 25 MP 6.4"" Factory Unlocked- Black (Renewed)",Samsung
203,Samsung Galaxy Note 10 Lite N770F 128GB Dual-SIM GSM Unlocked Phone (International Variant/US Compatible LTE) - Aura Black,Samsung
204,Samsung Galaxy S9+ G965U GSM Unlocked Smartphone - Coral Blue (Renewed),Samsung
205,LG V40 ThinQ V405 AT&T 64GB Android 6.4in Smartphone - Aurora Black (Renewed),LG
206,Samsung Galaxy Note 8 64GB Unlocked GSM LTE Android Phone w/ Dual 12 Megapixel Camera - Midnight Black,Samsung
207,Samsung Galaxy S10e Verizon + GSM Unlocked 128GB Flamingo Pink (Renewed),Samsung
208,"Samsung Gear VR w/Controller 2017/2018 SM-R325 Note9 Ready, for Galaxy Note8, Note5, S9, S8, S7, S6 (International Version)",Samsung
209,Samsung Galaxy Note 8 AT&T GSM Unlocked 64GB (Renewed) (Midnight Black),Samsung
210,"Apple iPhone XS Max, 64GB, Space Gray - For Verizon (Renewed)",Apple
211,"Samsung Galaxy S10 Lite Dual SIM 128GB 6GB RAM SM-G770F/DS, GSM Unlocked, International Version - Prism Black",Samsung
212,Samsung Galaxy S9+ G9650 64GB Unlocked GSM 4G LTE Phone w/Dual 12MP Camera - Lilac Purple (Renewed),Samsung
213,"Apple iPhone 8 64GB, Verizon, Space Gray (Renewed)",Apple
214,LG Phoenix Plus K30 / LM-X410AS 16GB AT&T Unlocked Smartphone (Black) (Renewed),LG
215,LG Q7 Plus Q610TA 5.5in 64GB T-Mobile GSM Unlocked Android Smartphone - Morrocan Blue (Renewed),LG
216,"Xiaomi Redmi Note 8 (128GB, 4GB) 6.3"",Quad Camera, Dual SIM GSM Factory Unlocked - US & Global 4G LTE International Version (Space Black, 128GB + 64GB SD + Case Bundle)",Xiaomi
217,Google Pixel 2 64GB Unlocked GSM/CDMA 4G LTE Octa-Core Phone w/ 12.2MP Camera - Just Black,Google
218,Motorola Moto E5 Play Smartphone 16GB Verizon Wireless Prepaid - Carrier Locked to Verizon Prepaid,Motorola
219,Samsung Galaxy Note 8 64GB Verizon + GSM Unlocked (Midnight Black) (Renewed),Samsung
220,Motorola Z3 Play & Moto Power Pack - Unlocked (AT&T/Sprint/T-Mobile/Verizon) - 64GB - Deep Indigo (US Warranty) - PA9S0000US,Motorola
221,"Google Pixel GSM Unlocked (Renewed) (32GB, Gray)",Google
222,"LG V20 VS995 64GB, Verizon, Titan (Renewed)",LG
223,Samsung Galaxy Note 9 N960U 128GB Verizon + GSM Unlocked Smartphone (Renewed),Samsung
224,LG G6 H872 32GB Ice Platinum - T-Mobile (Renewed),LG
225,"Xiaomi Redmi Note 7, 64GB/4GB RAM, 6.30'' FHD+, Snapdragon 660, Blue - Unlocked Global Version, No Warranty",Xiaomi
226,"Samsung Galaxy S8 Active (G892A) GSM Unlocked Military-Grade Durable Smartphone w/ 5.8in Shatter-Resistant Glass, Meteor Gray (Renewed)",Samsung
227,"BLU VIVO X5-5.7"" HD Display Smartphone, 64GB+3GB RAM -Black",BLU
228,"OnePlus 6T A6013 Dual Sim 128GB/8GB (Mirror Black) - Factory Unlocked - GSM ONLY, NO CDMA (Renewed)",OnePlus
229,"Samsung Galaxy A70 SM-A705F/DS Dual-SIM (128GB ROM, 6GB RAM, 6.7-Inch, GSM Only, No CDMA) Factory Unlocked 4G/LTE Smartphone - International Version (Black)",Samsung
230,"Apple iPhone 6S Plus, 64GB, Rose Gold - For AT&T / T-Mobile (Renewed)",Apple
231,LG Electronics Stylo 4 GSM Unlocked Phone - 6.2in Screen - 32GB - Black (Renewed),LG
232,Samsung Galaxy S9+ Plus Verizon + GSM Unlocked 64GB - Lilac Purple (Renewed),Samsung
233,"Samsung Galaxy A10s SM-A107F/DS (32GB+2GB RAM) 6.2"" HD+ Infinity-V Display, 13MP, LTE Factory Unlocked Smartphone - International Version (Black)",Samsung
234,"Motorola Moto E5 Play XT1920-19 Factory Unlocked 16GB Dual SIM 1GB RAM 4G LTE 5.3"" LCD Display 8MP International Version (Black)",Motorola
235,"Samsung Galaxy S8 G950U 64GB GSM Unlocked Android Smartphone, Midnight Black (Renewed)",Samsung
236,Moto X (4th Generation) with Alexa Hands-Free – 32 GB - Unlocked – Super Black - Prime Exclusive,Moto
237,"LG K50S (32GB, 3GB) 6.5"" HD+ Display, Triple Camera, MIL-STD 810G Certified, US + Global 4G LTE GSM Factory Unlocked LM-X540HM - International Model (Black, 32 GB)",LG
238,Samsung Galaxy Note 4 Unlocked Phone - (Charcoal Black),Samsung
239,"Google Pixel 3 XL Unlocked GSM/CDMA - US Warranty (Just Black, 64GB) (Renewed)",Google
240,"Samsung Galaxy A01 16GB/2GB RAM (SM-A015M/DS) Dual SIM, 5.7” Display, GSM Unlocked, International Version - Black",Samsung
241,"Motorola e5 Play 16GB Smartphone , Black",Motorola
242,"Samsung J737T Galaxy J7 Star (2018) GSM Unlocked, 5.5"" 32GB (Carrier Packaging)",Samsung
243,Xiaomi Redmi 8 64GB Dual-SIM GSM Unlocked Phone - Onyx Black,Xiaomi
244,LG V30 - H932-64GB Dual Camera 4G LTE - Silver - T-Mobile (Renewed),LG
245,Samsung Galaxy J3 (2018) J377A 16GB Unlocked GSM 4G LTE Phone w/ 8MP Camera - Black (Renewed),Samsung
246,"Apple iPhone SE, 64GB, Rose Gold - For AT&T / T-Mobile (Renewed)",Apple
247,"Xiaomi Redmi Note 8 (64GB, 4GB) 6.3"" Display, Snapdragon 665, 48MP Quad Camera, Dual SIM GSM Factory Unlocked - US & Global 4G LTE International Version (Space Black, 64GB +Case Bundle)",Xiaomi
248,"Apple iPhone 6S, 16GB, Silver - For AT&T / T-Mobile",Apple
249,"Apple iPhone 7, 128GB, Red - for Sprint/Verizon (Renewed)",Apple
250,Motorola Moto E6 Play XT2029-1 32GB Unlocked GSM Dual SIM Phone w/ 13MP Camera - Ocean Blue,Motorola
251,"Samsung Galaxy J7 2018 (16GB) J737A - 5.5 HD Display, Android 8.0, Octa-core 4G LTE at&T Unlocked Smartphone (Black)",Samsung
252,"Samsung Galaxy S20 (SM-G980F/DS) Dual SIM 128GB, 6.2"" Display, Factory Unlocked GSM, International Version - No Warranty - Cloud Blue",Samsung
253,"LG G7 Fit 32GB 6.1"" Smartphone - GSM+CDMA Factory Unlocked for All Carriers - Aurora Black (US Warranty) by LG",LG
254,Samsung Galaxy Note 4 N910A 32GB Unlocked GSM 4G LTE Smartphone Black,Samsung
255,"Apple iPhone SE, 32GB, Rose Gold - For AT&T (Renewed)",Apple
256,"LG Prime 2 (16GB) 5.45"" FullVision HD+ Display, 3,000 mAh All Day Battery, 4G LTE GSM AT&T Unlocked for All GSM Carriers - LM-X320AA (16 GB)",LG
257,"Samsung J2 2018 Factory Unlocked USA S206DL 16GB 5"" HD Display 8MP Front/5MP Rear Camera",Samsung
258,LG G4 H810 GSM Unlocked Android 4G LTE 32GB Smartphone (Renewed) (Grey),LG
259,"Samsung Galaxy A10, Global 4G LTE GSM Factory Unlocked A105M (International Mode), (32GB, 2GB RAM) 6.2"" HD+ Infinity-V Display, (Blue) - Single Sim",Samsung
260,"BLU G6- 5.7"" HD Display GSM Unloked Smartphone, 64GB+3GB RAM -Brown Leather",BLU
261,"Samsung Galaxy S9+ Unlocked - (Blue, 64gb)(Renewed)",Samsung
262,Alcatel OneTouch Ideal 4G LTE AT&T GSM Unlocked 4060A Android 5MP 8GB Smartphone - Black,Alcatel
263,"Apple iPhone X, 64GB, Silver - For AT&T / T-Mobile (Renewed)",Apple
264,"Samsung Galaxy Note 9 Factory Unlocked Phone with 6.4"" Screen and 128GB (U.S. Warranty), Ocean Blue",Samsung
265,"Motorola Moto G8+ Plus (64GB, 4GB) 6.3"", 48 MP Camera, 4000mAh Battery, Dual SIM GSM Unlocked (AT&T/T-Mobile/MetroPCS/Cricket/H2O) XT2019-2 - International Version (Blue, 64GB + 64GB SD + Case Bundle)",Motorola
266,"Samsung Galaxy A70 (128GB, 6GB RAM) 6.7"" in-Screen Fingerprint, 25W Super-Fast Charger, US + Global 4G LTE GSM Unlocked International Model A705MN/DS (White, 128GB + 128GB SD + Case Bundle)",Samsung
267,LG Q7 Plus Q610TA 5.5in 64GB T-Mobile Android Smartphone - Morrocan Blue (Renewed),LG
268,LG G7 ThinQ GSM Unlocked LGG710 w/ 64GB Memory Cell Phone 4G LTE - US Version - Platinum Gray (Renewed),LG
269,"Samsung Galaxy S10+ Plus 128GB+8GB RAM SM-G975F/DS Dual Sim 6.4"" LTE Factory Unlocked Smartphone International Model, No Warranty (Prism Black)",Samsung
270,"Samsung Galaxy Watch Active2 (44mm), Black (Stainless Steel - LTE Unlocked) - SM-R825USKAXAR (US Version & Warranty) (Renewed)",Samsung
271,"Alcatel REVVL 5049W 32GB Smartphone, Android 7.0 Nougat (GSM Unlocked)",Alcatel
272,LG Flip Phone 3G True B460 GSM Unlocked Bluetooth Camera (Cricket) World Phone (NOT CDMA Carriers Like Verizon Sprint Boost Mobile Virgin),LG
273,"Xiaomi Redmi Note 7, 32GB/3GB RAM, 6.30'' FHD+, Snapdragon 660,Unlocked Global Version - Black",Xiaomi
274,"Apple iPhone SE, 32GB, Space Gray - For T-Mobile (Renewed)",Apple
275,"Samsung Galaxy A50s (SM-A507FN/DS) Dual SIM 64GB GSM Unlocked, International Version, No Warranty (Green (Prism Crush Green))",Samsung
276,Samsung Galaxy A50 (A505u) 64GB GSM + CDMA Fully Unlocked Smartphone w/Triple-Lens Cameras - Black (Renewed),Samsung
277,"Apple iPhone 6S, 32GB, Silver - For AT&T / T-Mobile (Renewed)",Apple
278,"Apple iPhone 8 Plus, 64GB, Silver - For AT&T / T-Mobile (Renewed)",Apple
279,Samsung J737T Galaxy J7 Star (2018) Unlocked 32GB (Carrier Packaging) (Renewed),Samsung
280,"LG Stylo 4, 32 GB - GSM Unlocked (Renewed)",LG
281,Samsung Galaxy J3 (2018) J337A 16GB Unlocked GSM 4G LTE Phone w/ 8MP Camera - Black,Samsung
282,"Samsung Galaxy S5, Black 16GB (Verizon Wireless)",Samsung
283,"Apple iPhone 8, 128GB, Space Grey - for AT&T/T-Mobile (Renewed)",Apple
284,LG G8 ThinQ (Unlocked) - Black (Renewed),LG
285,Google Pixel 3-64GB - Verizon Unlocked - Just Black (Renewed),Google
286,"Motorola DROID MAXX, Black 16GB (Verizon Wireless)",Motorola
287,"BLU Advance S5 HD – Unlocked Single Sim Smartphone, 16GB+1GB RAM -Black",BLU
288,"Motorola Moto G7 – Unlocked – 64 GB – Clear White (US Warranty) - Verizon, AT&T, T-Mobile, Sprint, Boost, Cricket, & Metro - PAE00010US",Motorola
289,Motorola G6 – 32 GB – Unlocked (AT&T/Sprint/T-Mobile/Verizon) – Black - (U.S. Warranty) - PAAE0000US,Motorola
290,"BLU R2 Plus 2019-6.2” HD+ Display Smartphone, 16GB+2GB RAM –Silver (Renewed)",BLU
291,Moto G7 Play 32GB Android Smartphone GSM Unlocked for AT&T / T-Mobile and all GSM carriers - Deep Indigo (Blue) (Renewed),Moto
292,Google Pixel 3 64GB Unlocked GSM & CDMA 4G LTE - Just Black (Renewed),Google
293,"Google Pixel 32GB Phone, Very Silver, 5"" (Renewed)",Google
294,"Apple iPhone 7 Plus, 128GB, Rose Gold - For AT&T (Renewed)",Apple
295,"Samsung Galaxy S10 128GB+8GB RAM SM-G973F/DS Dual Sim 6.1"" LTE Factory Unlocked Smartphone (International Model No Warranty) (Prism Green)",Samsung
296,Samsung Galaxy Note 10 Lite N770F 128GB Dual-SIM GSM Unlocked Phone (International Variant/US Compatible LTE) - Aura Red,Samsung
297,LG G7 ThinQ G710T 64GB Android Smartphone T-Mobile - Platinum Gray,LG
298,Samsung Galaxy S6 Edge Plus G928V 32GB Verizon CDMA 4G LTE Octa-Core Android Phone w/ 16MP Camera - Black,Samsung
299,Motorola One Hyper 128GB Deep Sea Blue/Dark Amber/Fresh Orchid GSM Unlocked Only (AT&T & T-Mobile Only) (Dark Amber),Motorola
300,Motorola MOTO Z PLAY XT1635 GSM Unlocked Phone 32GB (Black),Motorola
301,"Samsung Galaxy Cellphone - S10 AT&T (White, 128GB) (Renewed)",Samsung
302,"BLU Vivo XL4 6.2"" HD Display Smartphone 32Gb+3Gb RAM, Black",BLU
303,"Samsung Galaxy S10 5G, 256GB, Majestic Black - For Verizon (Renewed)",Samsung
304,Samsung Galaxy Note 8 N950U 64GB - T-Mobile (Orchid Gray),Samsung
